{
  "Total" : {
    "transaction" : "Total",
    "sampleCount" : 24,
    "errorCount" : 0,
    "errorPct" : 0.0,
    "meanResTime" : 25948.16666666666,
    "medianResTime" : 26042.5,
    "minResTime" : 17190.0,
    "maxResTime" : 33963.0,
    "pct1ResTime" : 33775.0,
    "pct2ResTime" : 33963.0,
    "pct3ResTime" : 33963.0,
    "throughput" : 0.6942435637836274,
    "receivedKBytesPerSec" : 0.8570133967312699,
    "sentKBytesPerSec" : 0.1518657795776685
  },
  "HTTP リクエスト" : {
    "transaction" : "HTTP リクエスト",
    "sampleCount" : 24,
    "errorCount" : 0,
    "errorPct" : 0.0,
    "meanResTime" : 25948.16666666666,
    "medianResTime" : 26042.5,
    "minResTime" : 17190.0,
    "maxResTime" : 33963.0,
    "pct1ResTime" : 33775.0,
    "pct2ResTime" : 33963.0,
    "pct3ResTime" : 33963.0,
    "throughput" : 0.6942435637836274,
    "receivedKBytesPerSec" : 0.8570133967312699,
    "sentKBytesPerSec" : 0.1518657795776685
  }
}