{
  "Total" : {
    "transaction" : "Total",
    "sampleCount" : 240,
    "errorCount" : 0,
    "errorPct" : 0.0,
    "meanResTime" : 809.6,
    "medianResTime" : 778.5,
    "minResTime" : 696.0,
    "maxResTime" : 1326.0,
    "pct1ResTime" : 932.7,
    "pct2ResTime" : 1048.85,
    "pct3ResTime" : 1303.8600000000001,
    "throughput" : 2.0350538017348834,
    "receivedKBytesPerSec" : 1.0325148866305445,
    "sentKBytesPerSec" : 0.5743462389661926
  },
  "HTTP Request" : {
    "transaction" : "HTTP Request",
    "sampleCount" : 240,
    "errorCount" : 0,
    "errorPct" : 0.0,
    "meanResTime" : 809.6,
    "medianResTime" : 778.5,
    "minResTime" : 696.0,
    "maxResTime" : 1326.0,
    "pct1ResTime" : 932.7,
    "pct2ResTime" : 1048.85,
    "pct3ResTime" : 1303.8600000000001,
    "throughput" : 2.0350538017348834,
    "receivedKBytesPerSec" : 1.0325148866305445,
    "sentKBytesPerSec" : 0.5743462389661926
  }
}